novel,quote_id,gold_speaker,quote_text,candidates,explicit_mentions,previous_participants
TheSignOfTheFour,Q440,Dr. Watson,It would be a great pleasure to me.,"['Mr. Sherlock Holmes', 'Mr. Athelney Jones']","['Mr. Athelney Jones', 'Mr. Sherlock Holmes']","['Mr. Sherlock Holmes', 'Mr. Athelney Jones']"
HardTimes,Q59,Mrs. Gradgrind,"I hadn't a shoe to my foot.  As to a stocking, I didn't know such a
thing by name.  I passed the day in a ditch, and the night in a pigsty.
That's the way I spent my tenth birthday.  Not that a ditch was new to
me, for I was born in a ditch.","['Louisa Bounderby', 'Josiah Bounderby', 'Thomas Gradgrind']",['Josiah Bounderby'],"['Louisa Bounderby', 'Thomas Gradgrind']"
TheInvisibleMan,Q40,Mrs. Hall,"I thought, sir, you d prefer the clock","['Mr. Teddy Henfrey', 'The Invisible Man']","['The Invisible Man', 'The Invisible Man', 'Mr. Teddy Henfrey', 'The Invisible Man']","['Mr. Teddy Henfrey', 'The Invisible Man']"
HowardsEnd,Q1498,Helen,"Yes, there is a mystery.
I can t help it. It s not my fault. It s the way life has been made.","['Henry', 'Aunt Juley', 'Margaret']",['Margaret'],"['Henry', 'Aunt Juley', 'Margaret']"
WhereAngelsFearToTread,Q353,Irma,"Who
is my little brother? Why have I never heard of him before? Grandmamma!
Grandmamma! Who is my little brother? Who is my--","['Caroline Abbott', 'Mr. Herriton', 'Harriet']",['Harriet'],"['Caroline Abbott', 'Mr. Herriton', 'Harriet']"
TheGambler,Q712,The General,"Yes,
yes my children, Yes, you are
right in what you have said about them.","['Alexis Ivanovitch', 'Mlle. Blanche']","['Alexis Ivanovitch', 'Alexis Ivanovitch', 'Alexis Ivanovitch']","['Alexis Ivanovitch', 'Mlle. Blanche']"
AlicesAdventuresInWonderland,Q529,The Gryphon,"Oh, _you_ sing, I've forgotten the words.","['The Mock Turtle', 'Alice']","['The Mock Turtle', 'The Mock Turtle', 'Alice']","['The Mock Turtle', 'Alice']"
TheMysteriousAffairAtStyles,Q1102,Mr. Hastings,Do you think it is _the_ one?,"['Dorcas', 'Hercule Poirot']","['Hercule Poirot', 'Hercule Poirot']","['Dorcas', 'Hercule Poirot']"
NightAndDay,Q11,"A Thin, Elderly Gentleman","There is the University,","['Mrs. Hilbery', 'Mr. Fortescue', 'Katharine Hilbery', 'Mr. Hilbery', 'Ralph Denham']","['Mr. Hilbery', 'Ralph Denham', 'Katharine Hilbery', 'Mrs. Hilbery', 'Mr. Fortescue']","['Katharine Hilbery', 'Mrs. Hilbery', 'Mr. Fortescue', 'Ralph Denham']"
HardTimes,Q479,Cecilia Jupe,"I am afraid it would, sir,","['Stephen Blackpool', 'Thomas Gradgrind']","['Thomas Gradgrind', 'Thomas Gradgrind']","['Stephen Blackpool', 'Thomas Gradgrind']"
HardTimes,Q294,Cecilia Jupe,"To do unto others as I
would that they should do unto me.","['Louisa Bounderby', 'Mrs. Gradgrind', ""Mr. M'choakumchild""]","[""Mr. M'choakumchild""]","['Louisa Bounderby', ""Mr. M'choakumchild"", 'Mrs. Gradgrind']"
TheMysteriousAffairAtStyles,Q1729,Mr. Hastings,"Do you mean that the murderer introduced the strychnine into her
tonic?","['Dorcas', 'Mr. Lawrence Cavendish', 'Annie', 'Mr. Inglethorp', 'Evelyn Howard', 'Japp', 'Miss Murdoch', 'Hercule Poirot', 'Summerhaye', 'Mary Cavendish', 'Mrs. Inglethorp']","['Mrs. Inglethorp', 'Mary Cavendish', 'Dorcas', 'Hercule Poirot', 'Mr. Inglethorp', 'Miss Murdoch', 'Evelyn Howard', 'Mr. Lawrence Cavendish', 'Japp', 'Summerhaye', 'Annie']","['Mr. Lawrence Cavendish', 'Hercule Poirot']"
TheManWhoWasThursday,Q786,Gabriel Syme,"No, I do not feel fierce like that. I am grateful to you,
not only for wine and hospitality here, but for many a fine scamper and
free fight. But I should like to know. My soul and heart are as happy
and quiet here as this old garden, but my reason is still crying out. I
should like to know.","['Professor De Worms', 'The Secretary', 'Dr. Bull', 'Gogol', 'Inspector Ratcliffe', 'The President']","['The President', 'Professor De Worms', 'Inspector Ratcliffe', 'Gogol', 'The Secretary', 'Dr. Bull', 'The President']","['The Secretary', 'The President']"
HowardsEnd,Q342,Helen,Careful over what?,"['Fraulein Mosebach', 'Aunt Juley', 'Margaret']","['Aunt Juley', 'Margaret', 'Fraulein Mosebach']","['Aunt Juley', 'Margaret']"
TheSunAlsoRises,Q495,Jake Barnes,Fine.,"['Robert Cohn', 'Frances Clyne']","['Frances Clyne', 'Robert Cohn']","['Robert Cohn', 'Frances Clyne']"
HardTimes,Q114,Cecilia Jupe,"Dear, no, sir!  It's the nine oils.","['Josiah Bounderby', 'Bitzer', 'Thomas Gradgrind']","['Josiah Bounderby', 'Thomas Gradgrind', 'Josiah Bounderby']","['Josiah Bounderby', 'Bitzer', 'Thomas Gradgrind']"
DaisyMiller,Q28,Winterbourne,Are you going to Italy?,"['Randolph', 'Daisy Miller']","['Daisy Miller', 'Daisy Miller', 'Randolph']","['Randolph', 'Daisy Miller']"
AHandfulOfDust,Q2190,Mr Graceful,"I should have thought that was really
a question for your bank manager. I understand that your securities are
in your own name and that the dividends are paid into your account.","['Tony Last', 'Brenda', 'Dr Messinger']","['Brenda', 'Brenda', 'Brenda', 'Brenda', 'Brenda']","['Tony Last', 'Brenda', 'Dr Messinger']"
WhereAngelsFearToTread,Q16,Irma,"And, Granny, when will the old ship get to Italy?","['Lilia', 'Mrs. Theobald', 'Mr. Kingcroft', 'Mrs. Herriton', 'Mr. Herriton']","['Mrs. Herriton', 'Mr. Herriton', 'Mrs. Herriton']","['Lilia', 'Mr. Kingcroft', 'Mrs. Herriton', 'Mrs. Theobald']"
APassageToIndia,Q346,Dr. Panna Lal,"Dr. Aziz, Dr. Aziz, where you been? I waited ten full minutes'
time at your house, then I went.","['_group', 'Dr. Aziz', 'A Stray Subaltern']","['Dr. Aziz', 'Dr. Aziz', 'Dr. Aziz', 'Dr. Aziz', 'Dr. Aziz']","['_group', 'Dr. Aziz', 'A Stray Subaltern']"
TheInvisibleMan,Q153,Mrs. Hall,"Him and his
 go to the devil  indeed!","['Mr. Hall', 'Mr. Sandy Wadgers', 'The Invisible Man']","['The Invisible Man', 'The Invisible Man']","['Mr. Hall', 'Mr. Sandy Wadgers', 'The Invisible Man']"
ARoomWithAView,Q418,The Driver,would she like to see them?,"['Lucy', 'Miss Bartlett']","['Lucy', 'Lucy']","['Lucy', 'Miss Bartlett']"
Emma,Q1290,Emma,Where--may I ask?--is Miss Fairfax going?,"['Miss Bates', 'Mrs. Bates', 'Jane Fairfax']","['Jane Fairfax', 'Miss Bates', 'Mrs. Bates']",['Miss Bates']
NightAndDay,Q142,William Rodney,In undertaking to speak of the Elizabethan use of metaphor in poetry,"['Katharine Hilbery', 'Mary Datchet', 'Ralph Denham']","['Ralph Denham', 'Katharine Hilbery', 'Mary Datchet']","['Mary Datchet', 'Ralph Denham']"
OliverTwist,Q1999,Mrs. Bolter,"I should like that well enough, dear, but tills
ain't to be emptied every day, and people to get clear off after it.","['Fagin', 'Barney', 'Noah Claypole']","['Noah Claypole', 'Noah Claypole']","['Fagin', 'Barney', 'Noah Claypole']"
TheInvisibleMan,Q148,The Invisible Man,Look there!,"['Mr. Hall', 'Mrs. Hall', 'Mr. Sandy Wadgers', 'Huxter']","['Mr. Hall', 'Mrs. Hall', 'Huxter', 'Mr. Sandy Wadgers']","['Mr. Hall', 'Mrs. Hall', 'Mr. Sandy Wadgers']"
Emma,Q1063,Mr. Knightley,"Yes, it is Randalls that does it all.","['Emma', 'Mr. John Knightley']","['Emma', 'Mr. John Knightley']","['Emma', 'Mr. John Knightley']"
TheManWhoWasThursday,Q675,Dr. Bull,"My spectacles are blackguardly, but I'm not. Look at my
face.","['Professor De Worms', 'The Secretary', 'Gogol', 'Inspector Ratcliffe', 'The President', 'Gabriel Syme']","['The President', 'Professor De Worms', 'Inspector Ratcliffe', 'Gogol', 'The Secretary', 'Gabriel Syme']","['The Secretary', 'Gabriel Syme', 'The President']"
OliverTwist,Q1770,Fagin,"What's the matter here, my dear?","['Bill Sikes', 'Nance', 'Charley Bates', 'The Artful Dodger']","['Bill Sikes', 'Bill Sikes', 'The Artful Dodger', 'Charley Bates']","['Bill Sikes', 'Nance']"
AlicesAdventuresInWonderland,Q511,The Gryphon,"Why, you first form into a line along the
sea-shore--","['The Mock Turtle', 'Alice']","['The Mock Turtle', 'Alice']","['The Mock Turtle', 'Alice']"
TheMysteriousAffairAtStyles,Q1693,Evelyn Howard,"If that man comes into the house, I leave it!","['Dorcas', 'Inglethorp', 'Annie', 'Mr. Lawrence Cavendish', 'Mr. Hastings', 'Japp', 'Miss Murdoch', 'Hercule Poirot', 'Summerhaye', 'Mary Cavendish']","['Inglethorp', 'Mary Cavendish', 'Dorcas', 'Hercule Poirot', 'Annie', 'Miss Murdoch', 'Mr. Lawrence Cavendish', 'Japp', 'Summerhaye', 'Mr. Hastings']","['Mary Cavendish', 'Hercule Poirot']"
TheAgeOfInnocence,Q1290,Mrs. Manson Mingott,"You know she's deserted me? Oh, don't ask me why!  She gave so many reasons that
I've forgotten them all.  My private belief is that she couldn't face
the boredom.  At any rate that's what Augusta and my daughters-in-law
think.  And I don't know that I altogether blame her.  Olenski's a
finished scoundrel; but life with him must have been a good deal gayer
than it is in Fifth Avenue.  Not that the family would admit that: they
think Fifth Avenue is Heaven with the rue de la Paix thrown in.  And
poor Ellen, of course, has no idea of going back to her husband.  She
held out as firmly as ever against that.  So she's to settle down in
Paris with that fool Medora....  Well, Paris is Paris; and you can keep
a carriage there on next to nothing.  But she was as gay as a bird, and
I shall miss her.","['Mr. Letterblair', 'Mrs. Augusta Welland', 'Newland Archer', 'Count Olenski', 'The Marchioness', 'Ellen Olenska']","['Newland Archer', 'Ellen Olenska', 'Ellen Olenska', 'Ellen Olenska', 'Ellen Olenska', 'Count Olenski', 'Mrs. Augusta Welland', 'Mr. Letterblair', 'The Marchioness', 'Mrs. Augusta Welland', 'Mr. Letterblair', 'The Marchioness', 'Ellen Olenska', 'Count Olenski', 'Ellen Olenska', 'Ellen Olenska', 'The Marchioness', 'Newland Archer', 'Ellen Olenska', 'Ellen Olenska', 'Newland Archer']","['Mr. Letterblair', 'Newland Archer']"
AlicesAdventuresInWonderland,Q116,Bill,"Well, I hardly know--No more, thank ye; I'm better now--but I'm
a deal too flustered to tell you--all I know is, something comes at me
like a Jack-in-the-box, and up I goes like a sky-rocket!","['The White Rabbit', 'Alice', 'Pat']","['Pat', 'The White Rabbit', 'Pat', 'The White Rabbit']","['The White Rabbit', 'Alice']"
TheSportOfTheGods,Q385,Minty Brown,"Go on away f'om hyeah, I don't want none o'
thievin' Berry Hamilton's fambly to speak to me.","['Sadness', 'Joe Hamilton', 'Griggs']","['Griggs', 'Joe Hamilton']","['Sadness', 'Joe Hamilton']"
OliverTwist,Q2354,Harry The Peddler,"This, this is the infallible and
invaluable composition for removing all sorts of stain, rust, dirt,
mildew, spick, speck, spot, or spatter, from silk, satin, linen,
cambric, cloth, crape, stuff, carpet, merino, muslin, bombazeen, or
woollen stuff. Wine-stains, fruit-stains, beer-stains, water-stains,
paint-stains, pitch-stains, any stains, all come out at one rub with
the infallible and invaluable composition. If a lady stains her honour,
she has only need to swallow one cake and she's cured at once for it's
poison. If a gentleman wants to prove this, he has only need to bolt
one little square, and he has put it beyond question for it's quite as
satisfactory as a pistol-bullet, and a great deal nastier in the
flavour, consequently the more credit in taking it. One penny a square.
With all these virtues, one penny a square!","['Bill Sikes', 'The Grinning Countryman', 'Nance']",['The Grinning Countryman'],"['Bill Sikes', 'The Grinning Countryman', 'Nance']"
SenseAndSensibility,Q403,Anne Steele,Poor little creatures! It might have been a very sad accident.,"['Elinor', 'Lady Middleton', 'John Middleton', 'Charlotte', 'Lucy Steele', 'Marianne']","['Marianne', 'Elinor', 'Lucy Steele']","['John Middleton', 'Lady Middleton', 'Charlotte']"
HardTimes,Q1430,Rachel Gradgrind,"I misdoubt, if there is as many as twenty left in all
this place, who have any trust in the poor dear lad now.","['Louisa Bounderby', 'Young Thomas', 'Cecilia Jupe', 'Thomas Gradgrind']",['Cecilia Jupe'],"['Louisa Bounderby', 'Young Thomas', 'Thomas Gradgrind']"
APassageToIndia,Q910,_unknowable,Listen   Mohammed Latif says    Good morning' next.,"['Dr. Aziz', 'Mohammed Latif', 'Adela Quested', 'Mrs. Moore']","['Mohammed Latif', 'Adela Quested', 'Dr. Aziz', 'Mrs. Moore']","['Adela Quested', 'Dr. Aziz', 'Mrs. Moore']"
AnneOfGreenGables,Q944,Diana Barry,"It's a very fine evening, but oh, I have such news, Anne.
Guess. You can have three guesses.","['Matthew Cuthbert', 'Anne Shirley', 'Marilla Cuthbert']","['Anne Shirley', 'Anne Shirley', 'Anne Shirley']","['Matthew Cuthbert', 'Marilla Cuthbert', 'Anne Shirley']"
TheAgeOfInnocence,Q1228,Mrs. Adeline Archer,"It will never do, my dear Louisa, to let people like Mrs. Lemuel
Struthers think they can step into Regina's shoes.  It is just at such
times that new people push in and get a footing.  It was owing to the
epidemic of chicken-pox in New York the winter Mrs. Struthers first
appeared that the married men slipped away to her house while their
wives were in the nursery.  You and dear Henry, Louisa, must stand in
the breach as you always have.","['Mrs. Beaufort', 'Mrs. Van Der Luyden', 'Mr. Van Der Luyden', 'Newland Archer', 'Mrs. Lemuel Struthers', 'Mr. Sillerton Jackson', 'Miss Welland']","['Mrs. Van Der Luyden', 'Mrs. Lemuel Struthers', 'Mrs. Beaufort', 'Mrs. Van Der Luyden', 'Mrs. Van Der Luyden', 'Mr. Van Der Luyden', 'Mrs. Van Der Luyden', 'Mrs. Van Der Luyden', 'Mr. Van Der Luyden', 'Mrs. Van Der Luyden']","['Mr. Sillerton Jackson', 'Newland Archer', 'Miss Welland']"
TheMysteriousAffairAtStyles,Q207,Alfred Inglethorp,My God! This is terrible! My poor wife! I have only just heard.,"['Mr. Lawrence Cavendish', 'John Cavendish', 'Mrs. Inglethorp', 'Mr. Hastings']","['Mrs. Inglethorp', 'Mr. Hastings']","['Mr. Lawrence Cavendish', 'John Cavendish', 'Mr. Hastings']"
Persuasion,Q296,Mrs Smith,"By all means, only tell me all about it, when you do come.
Who is your party?","['Captain Wentworth', 'Anne Elliot', 'Lady Russell']","['Anne Elliot', 'Anne Elliot', 'Anne Elliot']","['Captain Wentworth', 'Anne Elliot', 'Lady Russell']"
TheSportOfTheGods,Q518,Sadness,"Oh, let him alone, Skaggsy, he don't know what he 's saying.","['Joe Hamilton', 'Mr. Skaggs']","['Joe Hamilton', 'Mr. Skaggs', 'Joe Hamilton', 'Joe Hamilton', 'Mr. Skaggs', 'Joe Hamilton']","['Joe Hamilton', 'Mr. Skaggs']"
ThePictureOfDorianGray,Q485,Dorian Gray,"My dear Harry, my dear Basil, you must both congratulate me! I have never been so
happy. Of course, it is sudden all really delightful things are. And
yet it seems to me to be the one thing I have been looking for all my
life.","['Basil Hallward', 'Henry', 'Lord Henry']","['Henry', 'Basil Hallward', 'Basil Hallward', 'Basil Hallward', 'Lord Henry', 'Basil Hallward', 'Lord Henry']","['Basil Hallward', 'Lord Henry']"
WinnieThePooh,Q777,Winnie-the-pooh,"Here I am,","['Owl', 'Christopher Robin - Story']","['Christopher Robin - Story', 'Owl']","['Owl', 'Christopher Robin - Story']"
HardTimes,Q1542,Thomas Gradgrind,How was this done?,"['_group', 'Young Thomas', 'Mr. Sleary', 'Louisa Bounderby', 'Cecilia Jupe']","['Louisa Bounderby', 'Young Thomas', 'Cecilia Jupe']","['_group', 'Mr. Sleary']"
WhereAngelsFearToTread,Q892,Perfetta,"I will be as quick as I can, But there are many streets
in Monteriano; he is sometimes difficult to find. I could not find him
this morning.","['Caroline Abbott', 'Harriet', 'Mr. Herriton', 'Signor Carella']","['Signor Carella', 'Signor Carella', 'Mr. Herriton']","['Caroline Abbott', 'Mr. Herriton', 'Harriet']"
Persuasion,Q134,Charles Hayter,"Walter, why do you not do as you are bid?  Do
not you hear your aunt speak?  Come to me, Walter, come to cousin
Charles.","['Charles', 'Walter', 'Anne Elliot', 'Captain Wentworth']","['Walter', 'Walter', 'Walter', 'Walter', 'Anne Elliot', 'Walter', 'Captain Wentworth', 'Anne Elliot', 'Walter', 'Charles']","['Captain Wentworth', 'Anne Elliot']"
TheMysteriousAffairAtStyles,Q367,Mr. Hastings,"How did you know that Mrs. Inglethorp took sleeping powders? And about the lost key
and the duplicate?","['Dorcas', 'Hercule Poirot', 'Mrs. Inglethorp']","['Mrs. Inglethorp', 'Hercule Poirot']","['Dorcas', 'Hercule Poirot']"
HowardsEnd,Q357,Margaret,"Oh, hush! Frieda ll hear you, and she can be so
tiresome.","['Fraulein Mosebach', 'Aunt Juley', 'Helen']","['Fraulein Mosebach', 'Aunt Juley', 'Fraulein Mosebach', 'Aunt Juley']","['Fraulein Mosebach', 'Aunt Juley', 'Helen']"
AlicesAdventuresInWonderland,Q404,The Cat,"I'd rather not,","['Alice', 'The King Of Hearts']","['The King Of Hearts', 'Alice']","['Alice', 'The King Of Hearts']"
TheAgeOfInnocence,Q1293,Miss Welland,But you like Ellen--I thought you'd be pleased.,"['Mr. Letterblair', 'Mrs. Manson Mingott', 'Newland Archer', 'Ellen Olenska']","['Newland Archer', 'Ellen Olenska', 'Newland Archer', 'Newland Archer']","['Mr. Letterblair', 'Mrs. Manson Mingott', 'Newland Archer']"
TheInvisibleMan,Q151,Mr. Hall,Excuse me,"['Mrs. Hall', 'Mr. Sandy Wadgers', 'Huxter', 'The Invisible Man']","['The Invisible Man', 'Mrs. Hall', 'Huxter', 'Mr. Sandy Wadgers']","['Mr. Sandy Wadgers', 'The Invisible Man']"
APassageToIndia,Q607,Miss Derek,"Mr. Heaslop, Miss Quested, what are you holding up an innocent
female for?","['Mr. Harris', 'The Nawab Badahur', 'Adela Quested', 'Ronny Heaslop']","['Ronny Heaslop', 'Adela Quested', 'Ronny Heaslop', 'Adela Quested', 'Ronny Heaslop', 'Adela Quested', 'The Nawab Badahur', 'Mr. Harris']","['The Nawab Badahur', 'Ronny Heaslop']"
TheAgeOfInnocence,Q51,Julius Beaufort,"Thanks.  I wish it might happen oftener, I'm generally so tied down; but I met the Countess
Ellen in Madison Square, and she was good enough to let me walk home
with her.","['Miss Welland', 'Mrs. Manson Mingott', 'Newland Archer', 'Ellen Olenska']","['Ellen Olenska', 'Ellen Olenska', 'Ellen Olenska', 'Miss Welland', 'Newland Archer', 'Mrs. Manson Mingott']","['Mrs. Manson Mingott', 'Newland Archer']"
MansfieldPark,Q28,_unknowable,"Fanny
was good-natured enough","['Mrs. Norris', 'Fanny Price', 'Edmund', 'Julia Bertram', 'Maria Bertram']","['Fanny Price', 'Maria Bertram', 'Julia Bertram', 'Edmund', 'Mrs. Norris']","['Edmund', 'Fanny Price']"
TheAgeOfInnocence,Q421,Ellen Olenska,"Ah, you've come!","['Ned Winsett', 'Newland Archer', 'The Butler']","['Newland Archer', 'Newland Archer']","['Ned Winsett', 'Newland Archer', 'The Butler']"
TheSportOfTheGods,Q235,Kitty Hamilton,"I wonder what pa would think of it if he was here,","['Joe Hamilton', 'Berry Hamilton', 'Fannie Hamilton']","['Berry Hamilton', 'Berry Hamilton', 'Joe Hamilton', 'Fannie Hamilton']","['Joe Hamilton', 'Fannie Hamilton']"
TheManWhoWasThursday,Q438,The Second Gentleman,"But how can the Marquis have insulted your aunt just now? He has been sitting here
all the time.","['Inspector Ratcliffe', 'Colonel Ducroix', 'Gabriel Syme']","['Inspector Ratcliffe', 'Gabriel Syme', 'Inspector Ratcliffe', 'Colonel Ducroix', 'Inspector Ratcliffe', 'Gabriel Syme']","['Gabriel Syme', 'Colonel Ducroix']"
SenseAndSensibility,Q557,Mr. Palmer,"I thought you were both in Devonshire,","['Elinor', 'Marianne']","['Marianne', 'Elinor', 'Marianne', 'Elinor']","['Elinor', 'Marianne']"
WinnieThePooh,Q852,Baby Roo,H--hup!,"['Kanga', 'Rabbit', 'Eeyore', 'Christopher Robin - Story', 'Piglet', 'Winnie-the-pooh', 'Owl']","['Winnie-the-pooh', 'Rabbit', 'Eeyore', 'Owl', 'Christopher Robin - Story', 'Piglet', 'Kanga']","['Winnie-the-pooh', 'Piglet']"
MansfieldPark,Q347,Julia Bertram,"Heyday!
Where are the others? I thought Maria and Mr. Crawford were with you.","['Henry Crawford', 'Maria Bertram', 'Fanny Price']","['Maria Bertram', 'Henry Crawford', 'Fanny Price', 'Fanny Price']","['Henry Crawford', 'Maria Bertram', 'Fanny Price']"
HowardsEnd,Q1497,Henry,Good! I did the breaking of the ice.,"['Aunt Juley', 'Helen', 'Margaret']","['Aunt Juley', 'Margaret']","['Aunt Juley', 'Helen', 'Margaret']"
MansfieldPark,Q83,_unknowable,"because, she
might ride one of her cousin's horses at any time when they did not
want them,","['Mrs. Norris', 'Fanny Price', 'Edmund', 'Sir Thomas', 'Lady Bertram', 'Tom Bertram', 'Julia Bertram', 'Maria Bertram']","['Fanny Price', 'Tom Bertram', 'Maria Bertram', 'Julia Bertram', 'Edmund', 'Tom Bertram', 'Maria Bertram', 'Julia Bertram', 'Edmund']","['Sir Thomas', 'Lady Bertram', 'Mrs. Norris']"
APassageToIndia,Q1216,_unknowable,"Don't worry, Mrs. Blakiston, those drums are only Mohurram,","['_group', 'Mrs. Callendar', 'A Stray Subaltern', 'Cyril Fielding', 'Mrs. Blakiston', 'Mr. Turton', 'Professor Godbole', 'Dr. Aziz', 'Miss Derek', 'Mrs. Turton', 'Mrs. Lesley']","['Mrs. Blakiston', 'Cyril Fielding', 'Mrs. Turton', 'Mrs. Lesley', 'Mrs. Callendar', 'Mr. Turton', 'Mrs. Lesley', 'A Stray Subaltern', 'Miss Derek', 'Mrs. Blakiston']","['_group', 'Professor Godbole', 'Dr. Aziz', 'Miss Derek', 'Mrs. Turton']"
TheAgeOfInnocence,Q1276,Mrs. Adeline Archer,"Henry van der Luyden--Louisa--the Lovell Mingotts--the Reggie
Chiverses--Lawrence Lefferts and Gertrude--(yes, I suppose May was
right to have them)--the Selfridge Merrys, Sillerton Jackson, Van
Newland and his wife. (How time passes!  It seems only yesterday that
he was your best man, Newland)--and Countess Olenska--yes, I think
that's all....","['Mrs. Lovell Mingott', 'Mrs. Augusta Welland', 'Mrs. Van Der Luyden', 'Mr. Van Der Luyden', 'Mr. Merry', 'Newland Archer', 'Mrs. Merry', 'Gertrude Lefferts', 'Mr. Sillerton Jackson', 'Young Mrs Newland', 'Reggie Chivers', 'Ellen Olenska', 'Lawrence Lefferts', 'May Wellend', 'Miss Welland']","['Mr. Van Der Luyden', 'Mrs. Van Der Luyden', 'Mrs. Lovell Mingott', 'Reggie Chivers', 'Lawrence Lefferts', 'Gertrude Lefferts', 'May Wellend', 'Lawrence Lefferts', 'Mrs. Merry', 'Mr. Merry', 'Mr. Sillerton Jackson', 'Young Mrs Newland', 'Newland Archer', 'Newland Archer', 'Ellen Olenska', 'Newland Archer', 'Mrs. Augusta Welland']","['Newland Archer', 'Miss Welland']"
SenseAndSensibility,Q750,John Dashwood,"Poor Marianne! She has not such good health
as her sister, she is very nervous, she has not Elinor s
constitution; and one must allow that there is something very trying to
a young woman who _has been_ a beauty in the loss of her personal
attractions. You would not think it perhaps, but Marianne _was_
remarkably handsome a few months ago; quite as handsome as Elinor. Now
you see it is all gone.","['Elinor', 'Colonel Brandon', 'Mrs. Ferrars', 'Mrs. Jennings', 'Marianne']","['Marianne', 'Marianne', 'Marianne', 'Marianne', 'Elinor', 'Marianne', 'Colonel Brandon', 'Marianne', 'Elinor', 'Colonel Brandon', 'Colonel Brandon']","['Mrs. Jennings', 'Marianne', 'Mrs. Ferrars']"
WhereAngelsFearToTread,Q6,Irma,"I ll do
my best.","['Lilia', 'Mrs. Theobald', 'Mrs. Herriton', 'Mr. Herriton', 'Harriet']","['Mrs. Theobald', 'Lilia', 'Harriet', 'Mr. Herriton', 'Mrs. Herriton']","['Lilia', 'Mr. Herriton']"
OliverTwist,Q1036,Martha,"Did she say any more, Anny dear, while I was gone?","['Mrs. Thingummy', 'Anny', ""The Parish Apothecary's Apprentice"", 'Mrs. Corney']","['Mrs. Thingummy', 'Anny', 'Anny']","[""The Parish Apothecary's Apprentice"", 'Mrs. Corney']"
NorthangerAbbey,Q612,Henry Tilney,"My brother does know it,","['Frederick Tilney', 'Catherine Morland', 'Isabella Thorpe', 'Frederick Tilney ']","['Frederick Tilney ', 'Catherine Morland']","['Frederick Tilney', 'Isabella Thorpe']"
HowardsEnd,Q124,Mrs. Wilcox,"Charles, dear, Charles, dear Charles,
one doesn t ask plain questions. There aren t such things.","['Charles Wilcox', 'Aunt Juley', 'Paul', 'Helen']","['Charles Wilcox', 'Charles Wilcox', 'Charles Wilcox', 'Charles Wilcox', 'Aunt Juley', 'Paul', 'Charles Wilcox', 'Helen']","['Charles Wilcox', 'Aunt Juley', 'Paul']"
HardTimes,Q501,Young Thomas,"Are you there, Loo?","['Louisa Bounderby', 'Thomas Gradgrind']","['Louisa Bounderby', 'Louisa Bounderby', 'Louisa Bounderby']","['Louisa Bounderby', 'Thomas Gradgrind']"
OliverTwist,Q536,Mr. Brownlow,"There are a good many books, are there not, my boy?","['Oliver Twist', 'Mrs. Bedwin']",['Oliver Twist'],"['Oliver Twist', 'Mrs. Bedwin']"
AHandfulOfDust,Q1156,Jock Grant-Menzies,Not a thing.,"['Marjorie', 'Tony Last', 'Brenda']",['Marjorie'],"['Marjorie', 'Tony Last', 'Brenda']"
SenseAndSensibility,Q582,Mrs. Jennings,"Upon my word, I never saw a young woman so desperately in love in my
life! _My_ girls were nothing to her, and yet they used to be foolish
enough; but as for Miss Marianne, she is quite an altered creature. I
hope, from the bottom of my heart, he won t keep her waiting much
longer, for it is quite grievous to see her look so ill and forlorn.
Pray, when are they to be married?","['Elinor', 'Lady Middleton', 'Mr. Willoughby', 'Charlotte', 'Marianne']","['Charlotte', 'Lady Middleton', 'Marianne', 'Charlotte', 'Lady Middleton', 'Marianne', 'Marianne', 'Marianne', 'Mr. Willoughby', 'Marianne', 'Marianne', 'Marianne', 'Mr. Willoughby', 'Elinor']","['Elinor', 'Marianne', 'Mr. Willoughby']"
WinnieThePooh,Q667,Christopher Robin - Story,"It's just the place, for an Ambush.","['_group', 'Kanga', 'Rabbit', 'Baby Roo', 'Eeyore', 'Piglet', 'Winnie-the-pooh', 'Owl']","['Winnie-the-pooh', 'Rabbit', 'Baby Roo', 'Eeyore', 'Owl', 'Piglet', 'Kanga']","['_group', 'Kanga', 'Baby Roo', 'Eeyore', 'Owl']"
TheManWhoWasThursday,Q499,Dr. Bull,"Do ordinary tourists, wear black masks half-way down the face?","['Inspector Ratcliffe', 'Colonel Ducroix', 'Professor De Worms', 'Gabriel Syme']","['Professor De Worms', 'Colonel Ducroix', 'Inspector Ratcliffe', 'Gabriel Syme']","['Inspector Ratcliffe', 'Professor De Worms', 'Gabriel Syme']"
OliverTwist,Q500,Nance,"That it won't do; so it's no use a-trying it on, Fagin,","['Bill Sikes', 'Charley Bates', 'The Artful Dodger', 'Fagin', 'Betsy']","['Fagin', 'Charley Bates', 'Bill Sikes', 'Betsy', 'The Artful Dodger', 'Fagin']","['Bill Sikes', 'Fagin', 'Betsy']"
TheManWhoWasThursday,Q583,Dr. Bull,What do you mean?,"['Inspector Ratcliffe', 'Colonel Ducroix', 'Professor De Worms', 'Gabriel Syme']","['Inspector Ratcliffe', 'Professor De Worms', 'Colonel Ducroix', 'Inspector Ratcliffe', 'Gabriel Syme']","['Inspector Ratcliffe', 'Colonel Ducroix', 'Gabriel Syme']"
PrideAndPrejudice,Q1111,Lady Catherine De Bourgh,"I hope you are well, Miss Bennet. That lady I suppose is your mother.","['Jane', 'Mrs. Bennet', 'Kitty', 'Elizabeth']","['Elizabeth', 'Elizabeth', 'Mrs. Bennet', 'Elizabeth', 'Mrs. Bennet', 'Kitty']","['Jane', 'Elizabeth']"
AHandfulOfDust,Q864,Nanny,"No, sir, I wouldn't have let him go to-day, only he went on so. Come
along now, John, and take off your coat. Goodness, child, where's your
handkerchief?","['Tony Last', 'John Andrew', 'John Last']","['Tony Last', 'John Andrew', 'John Andrew', 'John Andrew', 'John Last', 'John Andrew', 'Tony Last', 'John Andrew']","['Tony Last', 'John Andrew']"
APassageToIndia,Q870,Cyril Fielding,"Godbole's pujah did it,","['Mrs. Moore', '_unknowable', 'Professor Godbole', 'Dr. Aziz', 'Adela Quested', 'Mohammed Latif']","['Professor Godbole', 'Mohammed Latif', 'Adela Quested', 'Dr. Aziz', 'Mrs. Moore', 'Professor Godbole']","['_unknowable', 'Dr. Aziz', 'Mohammed Latif']"
Emma,Q275,Harriet Smith,"I dare say they are, sir. I am sure I do not know who is not.","['Emma', 'Mr. Woodhouse']","['Mr. Woodhouse', 'Emma', 'Mr. Woodhouse']","['Emma', 'Mr. Woodhouse']"
SenseAndSensibility,Q408,Elinor,"I should guess so, from what I have
witnessed this morning.","['Lucy Steele', 'Marianne', 'Anne Steele']","['Marianne', 'Lucy Steele', 'Anne Steele']","['Lucy Steele', 'Marianne', 'Anne Steele']"
HowardsEnd,Q1573,Myra,Didn t really hurt him?,"['Charles Wilcox', 'Mrs. Warrington', 'Margaret']","['Mrs. Warrington', 'Charles Wilcox', 'Margaret']","['Charles Wilcox', 'Mrs. Warrington', 'Margaret']"
SenseAndSensibility,Q307,Elinor,"Do not you know my sister well enough to
understand what she means? Do not you know she calls every one reserved
who does not talk as fast, and admire what she admires as rapturously
as herself?","['Edward Ferrars', 'Mrs. Dashwood', 'Marianne', 'Margaret']","['Edward Ferrars', 'Marianne', 'Marianne', 'Edward Ferrars', 'Marianne', 'Marianne', 'Mrs. Dashwood', 'Edward Ferrars', 'Marianne', 'Margaret']","['Edward Ferrars', 'Marianne']"
NightAndDay,Q595,Mr. Clacton,"I fancy, ladies and gentlemen, that we are ready to commence.","['Mrs. Seal', 'Mary Datchet', 'Miss Markham']","['Mrs. Seal', 'Mary Datchet', 'Miss Markham']","['Mrs. Seal', 'Mary Datchet']"
AHandfulOfDust,Q1068,Jenny Abdul Akbar,"Hullo, Johnny-boy. Come in.","['Grimshawe', 'Brenda', 'John Andrew']","['John Andrew', 'John Andrew']","['Grimshawe', 'Brenda', 'John Andrew']"
TheSportOfTheGods,Q536,The Editor,"It would be a big thing for the paper, if it only panned
out; but it is such a rattle-brained, harum-scarum thing. No one under
the sun would have thought of it but you, Skaggs.","['Hattie Sterling', 'Sadness', 'Joe Hamilton', 'Mr. Skaggs']","['Mr. Skaggs', 'Mr. Skaggs', 'Mr. Skaggs']","['Hattie Sterling', 'Sadness', 'Joe Hamilton']"
TheManWhoWasThursday,Q792,Gabriel Syme,"Gregory! Why, this is the
real anarchist!","['Professor De Worms', 'The Secretary', 'Dr. Bull', 'Mr. Lucian Gregory', 'Gogol', 'Inspector Ratcliffe', 'The President']","['Mr. Lucian Gregory', 'Professor De Worms', 'Gogol', 'Inspector Ratcliffe', 'The Secretary', 'Mr. Lucian Gregory', 'Dr. Bull', 'The President']","['Professor De Worms', 'Dr. Bull', 'Gogol', 'Inspector Ratcliffe', 'The President']"
TheGambler,Q612,The Croupier,Vingt-deux! Trente-et-un! Rouge! Quatre!,"['Alexis Ivanovitch', 'Polina Alexandrovna']",['Alexis Ivanovitch'],"['Alexis Ivanovitch', 'Polina Alexandrovna']"
TheSunAlsoRises,Q924,Brett Ashley,Chap bought it for me. Don't you like it?,"['Jake Barnes', 'Bill Gorton', 'Mike Campbell']","['Mike Campbell', 'Jake Barnes', 'Mike Campbell', 'Bill Gorton']",['Mike Campbell']
PrideAndPrejudice,Q798,George Wickham,"How long did you
say that he was at Rosings?","['Mr. Bennet', 'Elizabeth', 'Colonel Fitzwilliam']","['Colonel Fitzwilliam', 'Elizabeth']","['Mr. Bennet', 'Elizabeth']"
TheMysteriousAffairAtStyles,Q1551,Evelyn Howard,Don't remember. Lots of parcels come. Can't remember one special one.,"['Dorcas', 'Mr. Philips', 'Manning', 'Annie', 'Ernest Heavywether', 'Dr. Bauerstein', 'Mr. Inglethorp', 'Mr. Hastings', 'The Judge', 'Hercule Poirot', 'John Cavendish', 'Mary Cavendish', ""An Assistant From Parkson's"", 'Mr. Mace']","['Dorcas', 'Hercule Poirot', 'Mr. Philips', 'Annie', 'Mr. Mace', 'Mary Cavendish', 'Manning', 'Mr. Inglethorp', 'Dr. Bauerstein', 'Mr. Hastings', 'John Cavendish', ""An Assistant From Parkson's"", 'Ernest Heavywether', 'The Judge']","['Dorcas', 'Mr. Philips']"
HardTimes,Q1595,Josiah Bounderby,"What's the matter now, ma'am?","['Thomas Gradgrind', 'Mrs. Sparsit', 'Mr. Sleary']","['Mrs. Sparsit', 'Mrs. Sparsit']","['Mr. Sleary', 'Thomas Gradgrind']"
TheSignOfTheFour,Q218,Mr. Sherlock Holmes,"Don t trouble yourself about it, Mr. Sholto, I think
that I can engage to clear you of the charge.","['Dr. Watson', 'A High Piping Voice', 'Mr. Athelney Jones', 'Inspector In Uniform']","['A High Piping Voice', 'A High Piping Voice', 'A High Piping Voice', 'Dr. Watson', 'Mr. Athelney Jones', 'Inspector In Uniform']","['A High Piping Voice', 'Inspector In Uniform', 'Mr. Athelney Jones']"
Emma,Q897,Mrs. Elton,"My brother
Mr. Suckling's seat;","['Emma', 'Mr. Elton', 'Mr. Woodhouse', 'Harriet Smith']","['Emma', 'Mr. Woodhouse', 'Mr. Elton']","['Emma', 'Harriet Smith']"
Emma,Q1315,Mr. Weston,"Ah! poor woman,
who would have thought it!","['Emma', 'Mr. Woodhouse', 'Mr. Knightley']",[],"['Emma', 'Mr. Woodhouse', 'Mr. Knightley']"
NightAndDay,Q24,Ralph Denham,"You must be very proud of your family, Miss Hilbery.",['Katharine Hilbery'],"['Katharine Hilbery', 'Katharine Hilbery', 'Katharine Hilbery', 'Katharine Hilbery']",['Katharine Hilbery']
WinnieThePooh,Q540,Rabbit,"Go on,","['_group', 'Kanga', 'Baby Roo', 'Piglet', 'Winnie-the-pooh']","['Winnie-the-pooh', 'Baby Roo', 'Piglet', 'Kanga']","['_group', 'Kanga', 'Winnie-the-pooh']"
